#Game ID,#Game Date,#Game Time,#Away Team ID,#Away Team Abbr.,#Away Team City,#Away Team Name,#Home Team ID,#Home Team Abbr.,#Home Team City,#Home Team Name,#Venue ID,#Venue Name,#Team ID,#Team Abbr.,#Team City,#Team Name,#PassAttempts,#PassCompletions,#PassPct,#PassAttemptsPerGame,#PassGrossYards,#PassNetYards,#PassAvg,#PassYardsPerAtt,#PassYardsPerGame,#PassTD,#PassTDPct,#PassInt,#PassIntPct,#PassLng,#Pass20Plus,#Pass40Plus,#PassSacks,#PassSackY,#QBRating,#RushAttempts,#RushAttemptsPerGame,#RushYards,#RushAverage,#RushYardsPerGame,#RushTD,#RushLng,#Rush1stDowns,#Rush1stDownsPct,#Rush20Plus,#Rush40Plus,#RushFumbles,#Receptions,#RecYards,#RecAverage,#RecYardsPerGame,#RecTD,#RecLng,#Rec1stDowns,#Rec20Plus,#Rec40Plus,#RecFumbles,#TackleSolo,#TackleTotal,#TackleAst,#Sacks,#SackYds,#TacklesForLoss,#Interceptions,#IntTD,#IntYds,#IntAverage,#IntLng,#PassesDefended,#Stuffs,#StuffYds,#KB,#Safeties,#Fumbles,#FumLost,#FumForced,#FumOwnRec,#FumOppRec,#FumRecYds,#FumTotalRec,#FumTD,#KrRet,#KrYds,#KrAvg,#KrLng,#KrTD,#Kr20Plus,#Kr40Plus,#KrFC,#KrFum,#PrRet,#PrYds,#PrAvg,#PrLng,#PrTD,#Pr20Plus,#Pr40Plus,#PrFC,#PrFum,#FgBlk,#FgMade,#FgAtt,#FgPct,#FgMade1_19,#FgAtt1_19,#Fg1_19Pct,#FgMade20_29,#FgAtt20_29,#Fg20_29Pct,#FgMade30_39,#FgAtt30_39,#Fg30_39Pct,#FgMade40_49,#FgAtt40_49,#Fg40_49Pct,#FgMade50Plus,#FgAtt50Plus,#Fg50PlusPct,#FgLng,#XpBlk,#XpMade,#XpAtt,#XpPct,#FgAndXpPts,#KoPct,#Kickoffs,#KoYds,#KoOOB,#KoAvg,#KoTB,#KoRet,#KoRetYds,#KoRetAvgYds,#KoTD,#KoOS,#KoOSR,#Punts,#PuntYds,#PuntNetYds,#PuntLng,#PuntAvg,#PuntNetAvg,#PuntBlk,#PuntOOB,#PuntDown,#PuntIn20,#PuntIn20Pct,#PuntTB,#PuntTBPct,#PuntFC,#PuntRet,#PuntRetYds,#PuntRetAvg,#TwoPtAtt,#TwoPtMade,#TwoPtPassAtt,#TwoPtPassMade,#TwoPtRushAtt,#TwoPtRushMade,#FirstDownsTotal,#FirstDownsPass,#FirstDownsRush,#FirstDownsPenalty,#ThirdDowns,#ThirdDownsAtt,#ThirdDownsPct,#FourthDowns,#FourthDownsAtt,#FourthDownsPct,#Penalties,#PenaltyYds,#OffensePlays,#OffenseYds,#OffenseAvgYds,#TotalTD,#Wins,#Losses,#Ties,#OTWins,#OTLosses,#WinPct,#PointsFor,#PointsAgainst,#PointDifferential,#OffenseSnaps,#DefenseSnaps,#SpecialTeamSnaps
46023,2018-10-14,17:00:00 GMT,76,ARI,Arizona,Cardinals,63,MIN,Minnesota,Vikings,1246,US Bank Stadium,76,ARI,Arizona,Cardinals,31,21,67.7,31.0,240,208,7.7,5.9,208.0,0,0.0,1,3.2,40,3,1,4,32,77.4,20,20.0,61,3.0,61.0,1,10,5,25.0,0,0,1,21,240,11.4,240.0,0,40,9,3,1,0,48,75,27,4,60,8,1,0,0,0.0,0,7,19,36,0,0,1,1,1,0,1,0,1,1,3,63,21.0,27,0,1,0,0,0,3,22,7.3,10,0,0,0,1,0,0,1,1,100.0,0,0,0.0,1,1,100.0,0,0,0.0,0,0,0.0,0,0,0.0,26,0,2,2,100.0,5,0.0,4,253,0,63.2,3,1,17,17.0,0,0,0,6,288,262,61,48.0,43.7,0,0,1,1,16.7,0,0.0,2,3,26,8.7,0,0,0,0,0,0,15,9,5,1,0,10,0.0,0,2,0.0,5,30,55,269,4.9,2,0,1,0,0,0,0.0,17,27,-10,0,0,0
46031,2018-10-14,17:00:00 GMT,71,TB,Tampa Bay,Buccaneers,68,ATL,Atlanta,Falcons,1130,Mercedes-Benz Stadium,68,ATL,Atlanta,Falcons,41,31,75.6,41.0,354,346,8.6,8.2,346.0,3,7.3,0,0.0,35,4,0,1,8,125.5,22,22.0,70,3.2,70.0,1,15,6,27.3,0,0,0,31,354,11.4,354.0,3,35,19,4,0,0,44,60,16,2,6,2,2,0,-4,-2.0,0,4,16,8,0,0,2,0,0,1,0,0,1,0,1,19,19.0,19,0,0,0,0,0,1,14,14.0,14,0,0,0,0,0,0,2,2,100.0,0,0,0.0,0,0,0.0,0,0,0.0,1,1,100.0,1,1,100.0,57,0,4,4,100.0,10,0.0,7,418,0,59.7,4,3,40,13.3,0,0,0,4,180,165,54,45.0,41.2,0,1,1,1,25.0,0,0.0,0,2,15,7.5,0,0,0,0,0,0,27,19,6,2,8,13,61.5,0,0,0.0,4,25,64,416,6.5,4,1,0,0,0,0,1.0,34,29,5,0,0,0
46033,2018-10-14,20:25:00 GMT,56,BAL,Baltimore,Ravens,67,TEN,Tennessee,Titans,1155,Nissan Stadium,56,BAL,Baltimore,Ravens,37,25,67.6,37.0,238,238,6.4,6.4,238.0,1,2.7,1,2.7,27,5,0,0,0,82.9,35,35.0,123,3.5,123.0,2,22,9,25.7,1,0,0,25,238,9.5,238.0,1,27,13,5,0,0,33,46,13,11,66,2,0,0,0,0.0,0,0,19,68,0,0,0,0,1,0,0,0,0,0,1,20,20.0,20,0,1,0,0,0,4,50,12.5,26,0,1,0,2,0,0,0,0,0.0,0,0,0.0,0,0,0.0,0,0,0.0,0,0,0.0,0,0,0.0,0,0,3,3,100.0,3,0.0,4,262,0,65.5,3,1,20,20.0,0,0,0,4,175,175,48,43.8,43.8,0,2,1,2,50.0,0,0.0,0,1,0,0.0,0,0,0,0,0,0,23,13,9,1,12,17,70.6,1,1,100.0,10,70,72,361,5.0,3,1,0,0,0,0,1.0,21,0,21,0,0,0
46028,2018-10-14,17:00:00 GMT,48,BUF,Buffalo,Bills,64,HOU,Houston,Texans,1110,NRG Stadium,48,BUF,Buffalo,Bills,29,16,55.2,29.0,145,129,5.0,4.2,129.0,1,3.4,2,6.9,44,3,0,2,16,51.6,27,27.0,100,3.7,100.0,0,14,4,14.8,0,0,0,16,145,9.1,145.0,1,44,8,3,0,0,39,65,26,7,37,17,2,0,1,0.5,1,4,26,55,0,0,1,0,3,1,1,0,2,0,2,37,18.5,21,0,1,0,0,0,2,8,4.0,8,0,0,0,0,0,0,2,2,100.0,0,0,0.0,1,1,100.0,0,0,0.0,0,0,0.0,1,1,100.0,52,0,1,1,100.0,7,0.0,4,260,0,65.0,4,0,0,0.0,0,0,0,5,243,236,60,48.6,47.2,1,0,2,3,60.0,0,0.0,0,3,7,2.3,0,0,0,0,0,0,13,8,4,1,6,15,40.0,0,0,0.0,12,104,58,229,4.0,1,0,1,0,0,0,0.0,13,20,-7,0,0,0
46024,2018-10-14,17:00:00 GMT,69,CAR,Carolina,Panthers,55,WAS,Washington,Redskins,1157,FedEx Field,69,CAR,Carolina,Panthers,40,27,67.5,40.0,275,269,6.9,6.6,269.0,2,5.0,1,2.5,25,2,0,1,6,93.2,18,18.0,81,4.5,81.0,0,18,7,38.9,0,0,0,27,275,10.2,275.0,2,25,15,3,0,0,51,62,11,3,5,2,0,0,0,0.0,0,7,22,20,0,0,3,2,1,1,0,0,1,0,2,37,18.5,20,0,1,0,0,0,1,1,1.0,1,0,0,0,1,0,0,1,1,100.0,0,0,0.0,0,0,0.0,1,1,100.0,0,0,0.0,0,0,0.0,32,0,0,1,0.0,3,0.0,4,233,0,58.2,2,2,24,12.0,0,0,0,3,133,123,53,44.3,41.0,0,0,0,0,0.0,1,33.3,1,1,10,10.0,1,1,1,1,0,0,22,15,7,0,3,9,33.3,0,1,0.0,8,55,59,350,5.9,2,0,1,0,0,0,0.0,17,23,-6,0,0,0
46025,2018-10-14,17:00:00 GMT,60,CHI,Chicago,Bears,49,MIA,Miami,Dolphins,1126,Hard Rock Stadium,60,CHI,Chicago,Bears,31,22,71.0,31.0,316,303,10.2,9.2,303.0,3,9.7,1,3.2,54,5,3,2,13,122.5,31,31.0,164,5.3,164.0,1,28,8,25.8,2,0,1,22,316,14.4,316.0,3,54,11,5,3,0,49,76,27,0,0,2,2,0,35,17.5,35,4,19,33,0,0,2,2,1,0,1,0,1,0,1,16,16.0,16,0,0,0,0,0,1,5,5.0,5,0,0,0,1,0,0,0,1,0.0,0,0,0.0,0,0,0.0,0,0,0.0,0,0,0.0,0,1,0.0,0,0,4,4,100.0,4,0.0,6,390,0,65.0,6,0,0,0.0,0,0,0,2,79,79,42,39.5,39.5,0,1,0,0,0.0,0,0.0,1,0,0,0.0,0,0,0,0,0,0,23,11,8,4,8,12,66.7,0,1,0.0,5,53,64,467,7.3,4,0,1,0,0,1,0.0,28,31,-3,0,0,0
46030,2018-10-14,17:00:00 GMT,59,PIT,Pittsburgh,Steelers,57,CIN,Cincinnati,Bengals,1099,Paul Brown Stadium,57,CIN,Cincinnati,Bengals,42,26,61.9,42.0,229,213,5.4,4.7,213.0,2,4.8,0,0.0,23,1,0,3,16,92.3,13,13.0,62,4.8,62.0,1,17,5,38.5,0,0,0,26,229,8.8,229.0,2,23,13,1,0,0,35,71,36,0,0,5,0,0,0,0.0,0,6,21,6,0,0,0,0,1,0,0,0,0,0,3,122,40.7,51,0,3,2,0,0,1,19,19.0,19,0,0,0,2,0,0,0,0,0.0,0,0,0.0,0,0,0.0,0,0,0.0,0,0,0.0,0,0,0.0,0,0,3,3,100.0,3,0.0,4,259,0,64.8,2,2,48,24.0,0,0,0,6,270,248,63,45.0,41.3,0,0,1,4,66.7,0,0.0,3,2,22,11.0,0,0,0,0,0,0,19,13,5,1,6,12,50.0,0,0,0.0,5,30,58,275,4.7,3,0,1,0,0,0,0.0,21,28,-7,0,0,0
46029,2018-10-14,17:00:00 GMT,75,LAC,Los Angeles,Chargers,58,CLE,Cleveland,Browns,1101,FirstEnergy Stadium,58,CLE,Cleveland,Browns,46,22,47.8,46.0,238,214,5.2,4.2,214.0,1,2.2,2,4.4,32,4,0,5,24,52.6,21,21.0,103,4.9,103.0,0,23,6,28.6,1,0,0,22,238,10.8,238.0,1,32,13,4,0,0,40,50,10,1,12,5,1,0,4,4.0,4,6,17,23,0,0,0,0,0,0,1,0,1,0,5,120,24.0,31,0,4,0,0,0,3,60,20.0,33,0,1,0,1,0,0,2,2,100.0,0,0,0.0,1,1,100.0,1,1,100.0,0,0,0.0,0,0,0.0,33,0,0,0,0.0,6,0.0,3,191,0,63.7,1,2,47,23.5,0,0,0,6,242,206,54,40.3,34.3,0,0,2,5,83.3,0,0.0,1,2,36,18.0,1,1,1,1,0,0,20,13,6,1,6,16,37.5,1,3,33.3,6,53,72,317,4.4,1,0,1,0,0,0,0.0,14,38,-24,0,0,0
46034,2018-10-14,20:25:00 GMT,66,JAX,Jacksonville,Jaguars,52,DAL,Dallas,Cowboys,1103,AT&T Stadium,52,DAL,Dallas,Cowboys,27,17,63.0,27.0,183,172,6.8,5.7,172.0,2,7.4,0,0.0,27,2,0,3,11,107.5,42,42.0,206,4.9,206.0,2,28,11,26.2,3,0,2,17,183,10.8,183.0,2,27,10,2,0,0,27,47,20,3,10,5,1,0,49,49.0,49,4,18,41,0,0,2,0,1,2,1,-21,3,0,0,0,0.0,0,0,0,0,0,0,2,9,4.5,6,0,0,0,1,0,0,4,4,100.0,0,0,0.0,0,0,0.0,1,1,100.0,1,1,100.0,2,2,100.0,55,0,4,4,100.0,16,0.0,9,584,0,64.9,8,1,31,31.0,0,0,0,3,123,117,49,41.0,39.0,0,0,1,0,0.0,0,0.0,0,2,6,3.0,0,0,0,0,0,0,23,10,11,2,7,17,41.2,2,2,100.0,2,20,72,378,5.2,4,1,0,0,0,0,1.0,40,7,33,0,0,0
46032,2018-10-14,20:05:00 GMT,77,LA,Los Angeles,Rams,72,DEN,Denver,Broncos,1105,Sports Authority Field at Mile High,72,DEN,Denver,Broncos,41,25,61.0,41.0,322,297,7.8,6.9,297.0,2,4.9,1,2.4,45,5,3,2,25,91.7,18,18.0,51,2.8,51.0,0,9,3,16.7,0,0,1,25,322,12.9,322.0,2,45,14,5,3,0,49,66,17,5,27,6,1,0,3,3.0,3,4,22,31,0,0,1,0,0,1,0,0,1,0,2,48,24.0,25,0,2,0,0,0,0,0,0.0,0,0,0,0,1,0,0,2,2,100.0,0,0,0.0,2,2,100.0,0,0,0.0,0,0,0.0,0,0,0.0,28,0,2,2,100.0,8,0.0,4,257,0,64.2,3,1,31,31.0,0,0,0,4,169,140,48,42.2,35.0,0,0,0,2,50.0,0,0.0,2,2,29,14.5,0,0,0,0,0,0,22,14,3,5,3,11,27.3,0,1,0.0,6,61,61,348,5.7,2,0,1,0,0,0,0.0,20,23,-3,0,0,0
46036,2018-10-15,00:15:00 GMT,78,SF,San Francisco,49ers,62,GB,Green Bay,Packers,1108,Lambeau Field,62,GB,Green Bay,Packers,45,24,53.3,45.0,406,386,9.0,8.0,386.0,2,4.4,0,0.0,60,6,2,3,20,98.9,21,21.0,116,5.5,116.0,1,21,8,38.1,1,0,0,24,406,16.9,406.0,2,60,16,6,2,0,46,60,14,2,18,3,1,0,0,0.0,0,4,12,19,0,0,0,0,2,0,2,0,2,0,2,85,42.5,66,0,1,1,0,0,1,6,6.0,6,0,0,0,2,0,0,4,4,100.0,0,0,0.0,2,2,100.0,1,1,100.0,0,0,0.0,1,1,100.0,51,0,3,3,100.0,15,0.0,7,444,0,63.4,2,5,137,27.4,0,0,0,4,155,155,41,38.8,38.8,0,0,0,1,25.0,1,25.0,2,1,0,0.0,0,0,0,0,0,0,25,16,8,1,3,12,25.0,1,2,50.0,5,49,69,502,7.3,3,1,0,0,0,0,1.0,33,30,3,0,0,0
46028,2018-10-14,17:00:00 GMT,48,BUF,Buffalo,Bills,64,HOU,Houston,Texans,1110,NRG Stadium,64,HOU,Houston,Texans,26,15,57.7,26.0,177,140,6.8,4.2,140.0,1,3.8,2,7.7,28,2,0,7,37,59.3,24,24.0,74,3.1,74.0,0,17,3,12.5,0,0,0,15,177,11.8,177.0,1,28,9,2,0,0,43,64,21,2,16,9,2,1,13,6.5,13,6,21,34,0,0,3,1,1,2,0,0,2,0,0,0,0.0,0,0,0,0,0,0,3,7,2.3,6,0,0,0,0,0,0,2,2,100.0,0,0,0.0,1,1,100.0,1,1,100.0,0,0,0.0,0,0,0.0,33,0,2,2,100.0,8,0.0,4,256,0,64.0,2,2,37,18.5,0,0,0,5,203,195,53,40.6,39.0,0,1,1,2,40.0,0,0.0,0,2,8,4.0,0,0,0,0,0,0,15,9,3,3,3,13,23.1,0,0,0.0,6,50,57,214,3.8,1,1,0,0,0,0,1.0,20,13,7,0,0,0
46026,2018-10-14,17:00:00 GMT,65,IND,Indianapolis,Colts,51,NYJ,New York,Jets,1132,MetLife Stadium,65,IND,Indianapolis,Colts,43,23,53.5,43.0,308,308,7.2,7.2,308.0,4,9.3,3,7.0,34,3,0,0,0,78.4,23,23.0,127,5.5,127.0,0,25,7,30.4,1,0,1,23,308,13.4,308.0,4,34,15,3,0,0,49,76,27,2,13,9,1,0,27,27.0,27,2,19,22,0,0,1,1,2,0,1,0,1,0,2,50,25.0,27,0,2,0,0,0,0,0,0.0,0,0,0,0,0,0,0,2,2,100.0,0,0,0.0,1,1,100.0,1,1,100.0,0,0,0.0,0,0,0.0,31,0,4,4,100.0,10,0.0,6,389,0,64.8,3,3,75,25.0,0,0,0,2,93,87,48,46.5,43.5,0,0,0,0,0.0,0,0.0,1,1,6,6.0,0,0,0,0,0,0,23,15,7,1,5,12,41.7,0,1,0.0,8,66,66,435,6.6,4,0,1,0,0,0,0.0,34,42,-8,0,0,0
46034,2018-10-14,20:25:00 GMT,66,JAX,Jacksonville,Jaguars,52,DAL,Dallas,Cowboys,1103,AT&T Stadium,66,JAX,Jacksonville,Jaguars,26,15,57.7,26.0,141,131,5.4,4.5,131.0,1,3.8,1,3.8,34,2,0,3,10,69.6,18,18.0,65,3.6,65.0,0,12,3,16.7,0,0,0,15,141,9.4,141.0,1,34,7,2,0,0,52,70,18,3,11,10,0,0,0,0.0,0,3,20,20,0,0,1,1,0,0,0,0,0,0,1,31,31.0,31,0,1,0,0,0,2,6,3.0,6,0,0,0,0,0,0,0,0,0.0,0,0,0.0,0,0,0.0,0,0,0.0,0,0,0.0,0,0,0.0,0,0,1,1,100.0,1,0.0,2,130,0,65.0,2,0,0,0.0,0,0,0,6,248,239,61,41.3,39.8,0,2,0,1,16.7,1,16.7,1,2,9,4.5,0,0,0,0,0,0,10,7,3,0,4,11,36.4,0,1,0.0,4,30,47,196,4.2,1,0,1,0,0,0,0.0,7,40,-33,0,0,0
46035,2018-10-14,00:20:00 GMT,73,KC,Kansas City,Chiefs,50,NE,New England,Patriots,1129,Gillette Stadium,73,KC,Kansas City,Chiefs,36,23,63.9,36.0,352,352,9.8,9.8,352.0,4,11.1,2,5.6,75,4,2,0,0,110.0,17,17.0,94,5.5,94.0,0,31,4,23.5,2,0,0,23,352,15.3,352.0,4,75,14,4,2,0,41,81,40,2,15,4,0,0,0,0.0,0,1,20,18,0,0,0,0,2,0,1,0,1,0,5,190,38.0,97,0,4,1,0,0,0,0,0.0,0,0,0,0,0,0,0,4,4,100.0,0,0,0.0,1,1,100.0,1,1,100.0,2,2,100.0,0,0,0.0,43,0,4,4,100.0,16,0.0,9,585,0,65.0,8,1,30,30.0,0,0,0,1,51,51,51,51.0,51.0,0,0,1,0,0.0,0,0.0,0,0,0,0.0,0,0,0,0,0,0,18,14,4,0,4,10,40.0,1,1,100.0,4,57,53,446,8.4,4,0,1,0,0,0,0.0,40,43,-3,0,0,0
46027,2018-10-14,17:00:00 GMT,79,SEA,Seattle,Seahawks,74,OAK,Oakland,Raiders,1253,Wembley Stadium,74,OAK,Oakland,Raiders,31,23,74.2,31.0,142,107,4.6,2.9,107.0,0,0.0,0,0.0,28,1,0,6,35,83.0,19,19.0,79,4.2,79.0,0,15,5,26.3,0,0,0,23,142,6.2,142.0,0,28,8,1,0,0,53,57,4,1,8,2,1,0,16,16.0,16,3,15,23,0,0,3,2,0,0,0,0,0,0,0,0,0.0,0,0,0,0,0,0,0,0,0.0,0,0,0,0,1,0,0,1,2,50.0,0,0,0.0,0,0,0.0,0,0,0.0,1,2,50.0,0,0,0.0,48,0,0,0,0.0,3,0.0,1,61,0,61.0,0,1,14,14.0,0,0,0,3,92,92,37,30.7,30.7,0,1,1,1,33.3,0,0.0,0,1,0,0.0,0,0,0,0,0,0,15,8,5,2,4,12,33.3,0,1,0.0,4,38,56,186,3.3,0,0,1,0,0,0,0.0,3,27,-24,0,0,0
46029,2018-10-14,17:00:00 GMT,75,LAC,Los Angeles,Chargers,58,CLE,Cleveland,Browns,1101,FirstEnergy Stadium,75,LAC,Los Angeles,Chargers,21,12,57.1,21.0,215,203,10.2,9.2,203.0,2,9.5,1,4.8,45,4,2,1,12,104.3,36,36.0,236,6.6,236.0,3,20,15,41.7,2,0,1,12,215,17.9,215.0,2,45,7,4,2,0,42,68,26,5,24,5,2,0,33,16.5,33,7,35,24,0,0,3,1,0,2,0,-9,2,0,2,47,23.5,27,0,2,0,0,0,2,36,18.0,32,0,1,0,1,0,0,1,1,100.0,0,0,0.0,0,0,0.0,0,0,0.0,1,1,100.0,0,0,0.0,44,0,5,5,100.0,8,0.0,7,444,0,63.4,2,5,120,24.0,0,0,0,5,215,155,54,43.0,31.0,0,0,0,0,0.0,0,0.0,1,3,60,20.0,0,0,0,0,0,0,24,7,15,2,1,9,11.1,0,0,0.0,10,72,58,439,7.6,5,1,0,0,0,0,1.0,38,14,24,0,0,0
46032,2018-10-14,20:05:00 GMT,77,LA,Los Angeles,Rams,72,DEN,Denver,Broncos,1105,Sports Authority Field at Mile High,77,LA,Los Angeles,Rams,28,14,50.0,28.0,201,174,7.2,5.3,174.0,0,0.0,1,3.6,44,2,1,5,27,58.8,39,39.0,270,6.9,270.0,2,29,13,33.3,4,0,0,14,201,14.4,201.0,0,44,9,2,1,0,37,51,14,2,25,3,1,0,0,0.0,0,3,19,35,0,0,0,0,1,0,0,0,0,0,1,31,31.0,31,0,1,0,0,0,2,29,14.5,26,0,1,0,2,0,0,3,4,75.0,0,0,0.0,2,2,100.0,1,1,100.0,0,1,0.0,0,0,0.0,39,0,2,2,100.0,11,0.0,6,390,0,65.0,4,2,48,24.0,0,0,0,3,120,120,52,40.0,40.0,0,1,1,2,66.7,0,0.0,1,0,0,0.0,0,0,0,0,0,0,24,9,13,2,8,17,47.1,1,1,100.0,9,76,72,444,6.2,2,1,0,0,0,0,1.0,23,20,3,0,0,0
46025,2018-10-14,17:00:00 GMT,60,CHI,Chicago,Bears,49,MIA,Miami,Dolphins,1126,Hard Rock Stadium,49,MIA,Miami,Dolphins,44,28,63.6,44.0,380,380,8.6,8.6,380.0,3,6.8,2,4.6,75,5,2,0,0,94.9,31,31.0,161,5.2,161.0,0,32,6,19.4,1,0,1,28,380,13.6,380.0,3,75,15,5,2,0,46,66,20,2,13,5,1,0,0,0.0,0,3,16,22,0,0,1,1,2,0,2,2,2,0,0,0,0.0,0,0,0,0,0,0,0,0,0.0,0,0,0,0,1,0,0,3,3,100.0,0,0,0.0,1,1,100.0,0,0,0.0,1,1,100.0,1,1,100.0,50,0,2,2,100.0,11,0.0,6,371,0,61.8,5,1,16,16.0,0,0,0,4,162,157,47,40.5,39.2,0,0,1,2,50.0,1,25.0,1,1,5,5.0,1,1,1,1,0,0,24,15,7,2,9,17,52.9,0,0,0.0,6,62,75,541,7.2,3,1,0,0,1,0,1.0,31,28,3,0,0,0
46023,2018-10-14,17:00:00 GMT,76,ARI,Arizona,Cardinals,63,MIN,Minnesota,Vikings,1246,US Bank Stadium,63,MIN,Minnesota,Vikings,34,24,70.6,34.0,233,173,6.8,4.6,173.0,1,2.9,1,2.9,17,0,0,4,60,87.0,32,32.0,195,6.1,195.0,2,34,8,25.0,5,0,0,24,233,9.7,233.0,1,17,12,0,0,0,42,59,17,4,32,6,1,0,0,0.0,0,6,17,36,0,0,1,1,1,0,1,0,1,0,1,17,17.0,17,0,0,0,0,0,3,26,8.7,20,0,1,0,2,0,0,2,2,100.0,0,0,0.0,0,0,0.0,1,1,100.0,1,1,100.0,0,0,0.0,48,0,3,3,100.0,9,0.0,6,387,0,64.5,3,3,63,21.0,0,0,0,5,225,203,51,45.0,40.6,0,0,1,2,40.0,0,0.0,1,3,22,7.3,0,0,0,0,0,0,20,12,8,0,5,14,35.7,0,1,0.0,8,47,70,440,6.3,3,1,0,0,0,0,1.0,27,17,10,0,0,0
46035,2018-10-14,00:20:00 GMT,73,KC,Kansas City,Chiefs,50,NE,New England,Patriots,1129,Gillette Stadium,50,NE,New England,Patriots,35,24,68.6,35.0,340,325,9.7,8.8,325.0,1,2.9,0,0.0,42,4,2,2,15,109.2,38,38.0,173,4.6,173.0,3,15,15,39.5,0,0,0,24,340,14.2,340.0,1,42,14,4,2,0,28,54,26,0,0,3,2,0,27,13.5,27,5,17,22,0,0,2,1,0,1,0,0,1,0,1,30,30.0,30,0,1,0,0,0,0,0,0.0,0,0,0,0,0,0,0,5,5,100.0,0,0,0.0,2,2,100.0,1,1,100.0,1,1,100.0,1,1,100.0,50,0,4,4,100.0,19,0.0,9,548,0,60.9,4,5,190,38.0,0,0,0,0,0,0,0,0.0,0.0,0,0,0,0,0.0,0,0.0,0,0,0,0.0,0,0,0,0,0,0,31,14,15,2,7,13,53.8,0,1,0.0,0,0,75,498,6.6,4,1,0,0,0,0,1.0,43,40,3,0,0,0
46022,2018-10-11,00:20:00 GMT,54,PHI,Philadelphia,Eagles,53,NYG,New York,Giants,1132,MetLife Stadium,53,NYG,New York,Giants,43,24,55.8,43.0,281,254,6.5,5.4,254.0,0,0.0,1,2.3,55,4,1,4,27,66.1,17,17.0,147,8.6,147.0,1,50,5,29.4,0,2,0,24,281,11.7,281.0,0,55,11,4,1,0,56,78,22,1,7,5,0,0,0,0.0,0,3,19,22,0,0,2,0,1,2,0,0,2,0,2,58,29.0,32,0,2,0,0,0,2,1,0.5,9,0,0,0,1,0,0,2,3,66.7,0,0,0.0,1,1,100.0,1,1,100.0,0,0,0.0,0,1,0.0,33,0,1,1,100.0,7,0.0,4,256,0,64.0,2,2,34,17.0,0,0,0,5,253,206,52,50.6,41.2,0,0,0,2,40.0,0,0.0,0,4,47,11.8,0,0,0,0,0,0,17,11,5,1,4,14,28.6,0,1,0.0,5,61,64,401,6.3,1,0,1,0,0,0,0.0,13,34,-21,0,0,0
46026,2018-10-14,17:00:00 GMT,65,IND,Indianapolis,Colts,51,NYJ,New York,Jets,1132,MetLife Stadium,51,NYJ,New York,Jets,30,24,80.0,30.0,280,267,9.3,8.3,267.0,2,6.7,1,3.3,32,5,0,2,13,113.9,35,35.0,104,3.0,104.0,0,21,5,14.3,1,0,2,24,280,11.7,280.0,2,32,12,5,0,0,40,45,5,0,0,5,3,1,61,20.3,36,8,23,46,0,0,3,1,1,1,1,-5,2,0,3,75,25.0,29,0,2,0,0,0,1,6,6.0,6,0,0,0,1,0,0,7,7,100.0,0,0,0.0,0,0,0.0,4,4,100.0,3,3,100.0,0,0,0.0,48,0,3,3,100.0,24,0.0,10,634,0,63.4,8,2,50,25.0,0,0,0,1,43,43,43,43.0,43.0,0,0,1,0,0.0,0,0.0,0,0,0,0.0,0,0,0,0,0,0,19,12,6,1,7,15,46.7,0,0,0.0,7,49,67,371,5.5,2,1,0,0,0,0,1.0,42,34,8,0,0,0
46022,2018-10-11,00:20:00 GMT,54,PHI,Philadelphia,Eagles,53,NYG,New York,Giants,1132,MetLife Stadium,54,PHI,Philadelphia,Eagles,36,26,72.2,36.0,275,268,7.6,7.2,268.0,3,8.3,0,0.0,58,3,1,1,7,121.9,32,32.0,103,3.2,103.0,1,14,5,15.6,0,0,2,26,275,10.6,275.0,3,58,15,3,1,0,46,68,22,4,27,5,1,0,24,24.0,24,8,27,44,0,0,3,0,1,3,0,-5,3,0,2,34,17.0,20,0,1,0,0,0,4,47,11.8,23,0,1,0,0,0,0,2,3,66.7,0,0,0.0,0,0,0.0,2,2,100.0,0,0,0.0,0,1,0.0,33,0,4,4,100.0,10,0.0,7,461,0,65.9,5,2,58,29.0,0,0,0,5,239,238,53,47.8,47.6,0,0,1,2,40.0,0,0.0,1,2,1,0.5,0,0,0,0,0,0,23,15,5,3,9,17,52.9,0,0,0.0,4,25,69,371,5.4,4,1,0,0,0,0,1.0,34,13,21,0,0,0
46030,2018-10-14,17:00:00 GMT,59,PIT,Pittsburgh,Steelers,57,CIN,Cincinnati,Bengals,1099,Paul Brown Stadium,59,PIT,Pittsburgh,Steelers,46,32,69.6,46.0,369,369,8.0,8.0,369.0,1,2.2,0,0.0,48,7,1,0,0,100.7,21,21.0,112,5.3,112.0,2,26,7,33.3,2,0,0,32,369,11.5,369.0,1,48,16,7,1,0,34,46,12,3,16,6,0,0,0,0.0,0,6,24,20,0,0,1,0,0,1,0,0,1,0,2,48,24.0,24,0,2,0,0,0,2,22,11.0,15,0,0,0,3,0,0,2,2,100.0,0,0,0.0,2,2,100.0,0,0,0.0,0,0,0.0,0,0,0.0,24,0,2,2,100.0,8,0.0,6,382,0,63.7,3,3,122,40.7,0,0,0,4,172,153,69,43.0,38.2,0,1,0,2,50.0,0,0.0,2,1,19,19.0,1,1,1,1,0,0,25,16,7,2,8,14,57.1,0,0,0.0,8,64,67,481,7.2,3,1,0,0,0,0,1.0,28,21,7,0,0,0
46036,2018-10-15,00:15:00 GMT,78,SF,San Francisco,49ers,62,GB,Green Bay,Packers,1108,Lambeau Field,78,SF,San Francisco,49ers,23,16,69.6,23.0,245,227,10.6,9.1,227.0,2,8.7,1,4.4,67,4,1,2,18,115.3,30,30.0,174,5.8,174.0,1,26,9,30.0,1,0,0,16,245,15.3,245.0,2,67,8,4,1,0,48,60,12,3,20,9,0,0,0,0.0,0,1,28,33,0,0,2,2,0,0,0,0,0,0,5,138,27.6,32,0,5,0,0,0,1,0,0.0,0,0,0,0,2,0,0,3,3,100.0,0,0,0.0,0,0,0.0,0,0,0.0,3,3,100.0,0,0,0.0,46,0,3,3,100.0,12,0.0,6,380,0,63.3,4,2,85,42.5,0,0,0,3,126,120,47,42.0,40.0,0,0,0,0,0.0,0,0.0,2,1,6,6.0,0,0,0,0,0,0,18,8,9,1,2,9,22.2,0,0,0.0,2,10,55,401,7.3,3,0,1,0,0,0,0.0,30,33,-3,0,0,0
46027,2018-10-14,17:00:00 GMT,79,SEA,Seattle,Seahawks,74,OAK,Oakland,Raiders,1253,Wembley Stadium,79,SEA,Seattle,Seahawks,23,17,73.9,23.0,222,214,9.6,8.9,214.0,3,13.0,1,4.4,42,5,1,1,8,125.4,38,38.0,147,3.9,147.0,0,21,6,15.8,1,0,1,17,222,13.1,222.0,3,42,11,5,1,0,48,51,3,6,35,11,0,0,0,0.0,0,1,19,42,0,0,1,0,3,1,2,-6,3,0,1,14,14.0,14,0,0,0,0,0,1,0,0.0,0,0,0,0,0,0,0,2,2,100.0,0,0,0.0,1,1,100.0,0,0,0.0,1,1,100.0,0,0,0.0,44,0,3,3,100.0,9,0.0,5,325,0,65.0,5,0,0,0.0,0,0,0,2,86,86,50,43.0,43.0,0,1,0,1,50.0,0,0.0,1,0,0,0.0,0,0,0,0,0,0,18,11,6,1,9,14,64.3,0,0,0.0,7,59,62,361,5.8,3,1,0,0,0,0,1.0,27,3,24,0,0,0
46031,2018-10-14,17:00:00 GMT,71,TB,Tampa Bay,Buccaneers,68,ATL,Atlanta,Falcons,1130,Mercedes-Benz Stadium,71,TB,Tampa Bay,Buccaneers,41,30,73.2,41.0,395,389,9.6,9.0,389.0,4,9.8,2,4.9,51,3,1,2,6,115.4,21,21.0,126,6.0,126.0,0,28,5,23.8,2,0,2,30,395,13.2,395.0,4,51,23,3,1,0,52,55,3,1,8,7,0,0,0,0.0,0,1,21,27,0,0,2,0,1,2,0,7,2,0,3,40,13.3,17,0,0,0,0,0,2,15,7.5,9,0,0,0,0,0,0,1,1,100.0,0,0,0.0,0,0,0.0,1,1,100.0,0,0,0.0,0,0,0.0,35,0,2,3,66.7,5,0.0,6,392,0,65.3,5,1,19,19.0,0,0,0,2,81,67,44,40.5,33.5,0,0,0,0,0.0,0,0.0,0,1,14,14.0,1,0,1,0,0,0,30,23,5,2,5,8,62.5,0,0,0.0,4,20,64,515,8.0,4,0,1,0,0,0,0.0,29,34,-5,0,0,0
46033,2018-10-14,20:25:00 GMT,56,BAL,Baltimore,Ravens,67,TEN,Tennessee,Titans,1155,Nissan Stadium,67,TEN,Tennessee,Titans,15,10,66.7,15.0,117,51,7.8,2.0,51.0,0,0.0,0,0.0,24,1,0,11,66,90.1,14,14.0,55,3.9,55.0,0,21,1,7.1,1,0,0,10,117,11.7,117.0,0,24,5,1,0,0,50,72,22,0,0,1,1,0,0,0.0,0,5,20,5,0,0,1,0,0,1,0,0,1,0,1,20,20.0,20,0,1,0,0,0,1,0,0.0,0,0,0,0,0,0,0,0,0,0.0,0,0,0.0,0,0,0.0,0,0,0.0,0,0,0.0,0,0,0.0,0,0,0,0,0.0,0,0.0,1,63,0,63.0,0,1,20,20.0,0,0,0,9,375,325,52,41.7,36.1,0,3,0,2,22.2,0,0.0,2,4,50,12.5,0,0,0,0,0,0,7,5,1,1,1,10,10.0,0,0,0.0,4,35,40,106,2.6,0,0,1,0,0,0,0.0,0,21,-21,0,0,0
46024,2018-10-14,17:00:00 GMT,69,CAR,Carolina,Panthers,55,WAS,Washington,Redskins,1157,FedEx Field,55,WAS,Washington,Redskins,36,21,58.3,36.0,163,156,4.5,4.0,156.0,2,5.6,0,0.0,22,3,0,3,7,88.1,28,28.0,132,4.7,132.0,0,19,7,25.0,0,0,0,21,163,7.8,163.0,2,22,10,3,0,0,39,52,13,1,6,1,1,0,7,7.0,7,1,19,9,0,0,1,0,3,1,2,0,3,0,2,24,12.0,18,0,0,0,0,0,1,10,10.0,10,0,0,0,1,0,0,3,3,100.0,0,0,0.0,1,1,100.0,0,0,0.0,1,1,100.0,1,1,100.0,56,0,2,2,100.0,11,0.0,6,383,0,63.8,4,2,37,18.5,0,0,0,4,164,163,51,41.0,40.8,0,0,2,2,50.0,0,0.0,1,1,1,1.0,0,0,0,0,0,0,18,10,7,1,7,16,43.8,1,2,50.0,5,43,67,288,4.3,2,1,0,0,0,0,1.0,23,17,6,0,0,0
